{"0": [155.2792207792208, 153.3961038961039], "1": [146.525254689407, 135.3800685762744], "2": [146.525254689407, 135.3800685762744], "3": [146.525254689407, 135.3800685762744]}