{"0": [926.9203662504609, 602.0630070734486], "1": [926.9203662504609, 602.0630070734486], "2": [926.9203662504609, 602.0630070734486], "3": [926.9203662504609, 602.0630070734486]}