{"0": [146.525254689407, 135.3800685762744], "1": [146.525254689407, 135.3800685762744], "2": [146.525254689407, 135.3800685762744], "3": [146.525254689407, 135.3800685762744]}